CODIGO ITEM DE DESPESA;NOME ITEM DE DESPESA;2010;2011;2012;2013;2014;2015
31900122;INATIVOS-DEC.JUDIC.-CART. PREV. ECONOMISTAS;656102,4800000001;767437,8200000001;989422,5800000001;0,0;0;0
33504390;OUTRAS SUBVENCOES SOCIAIS;592807621,8200004;698317071,4399999;661719165,0300004;916809259,43;1318454850,2600026;1471285986,4700031
33903626;SERVICOS TECNICOS E ESPECIALIZADOS;0;0;0;0;1625223,2299999997;2080498,1399999997
33903992;DESPESAS MIUDAS E DE PRONTO PAGAMENTO;92337956,10000032;80792502,01999955;75928217,91999993;75426074,6499999;63907042,29999987;60451851,38999987
33903953;PROJ.OU PESQ.DE CIENCIA,TECNOLOGIA E INOVACA;0;0;0;0;11065181,910000008;4492518,349999992
44903501;SERV. DE CONSULTORIA, ASSESSORIA E AUDITORIA;4005432,0;4719921,999999999;2634929,68;3473372,8600000003;18714216,32;12044177,690000001
33903081;ALIMENTOS PARA ANIMAIS;0;0;0;0;7670673,569999991;8737287,41
33904710;CONTRIBUICOES P/FORMACAO DO PASEP/PIS;974461675,3000003;1077374813,61;1134118308,6399996;1223938213,180001;1309760437,0999987;1343736762,4599993
33900845;AUXILIO FUNERAL - PODER EXECUTIVO - INATIVOS;0;0;0;904821,6599999998;2009018,8599999996;2238553,7099999986
33604501;SUBVENCOES ECONOMICAS;0;0;0;24000000,0;0,0;0
33504104;CONTRIB.A ENT.PRIVAD.SEM FINS LUCRATIVOS;14393226,87;16874373,89;26103566,68;21055861,73;28383075,150000002;2666222,22
33903967;SERV.ESP.DE SAUDE,INCLU.DECORR.DE DEC.JUDICI;0;0;0;0;34448781,599999994;76605871,41
31904901;AUXILIO TRANSPORTE;379276912,1400011;406518382,41000247;392591308,96000206;402715155,65999824;388640598,039999;448955839,62999916
33903960;REALIZACAO DE CONCURSO PUBLICO;0;0;0;0;0;600,0
33905012;TELEFONIA FIXA;137857929,67999965;128073667,78000015;118002312,78000002;107878943,46000013;91915494,14999996;107400499,02999999
33903994;OPERACOES POLICIAIS;2788243,2300000004;3421279,979999999;3979228,6;5238470,059999999;4727552,460000002;4505690,559999999
33903044;BANDEIRAS, FLAMULAS, INSIGNIAS;0;0;0;0;327338,03;430238,61
46907111;PRINCIPAL DA DIVIDA POR CONTRATO EXTERNA;239798041,20000005;244475880,49000004;283006602,7799999;419278852,8299999;551273125,68;879720825,5200001
31901128;PESSOAL CIVIL PAGO PELO DDPE-13 SALARIO;1261255132,1399984;1399346522,7899983;1549781678,040009;1729217225,4499912;1955352220,2400014;1981426158,3300066
33904502;EQUALIZACAO DE TAXAS;0;0;3600000,0;32000000,0;0,0;0,0
33909312;RESSARCIM.DE GRATUIDADES DE TRANSPORTE;238316500,0;266526000,0;274519200,0;285297000,0;282007925,24;312346182,12
31901210;PESSOAL MILITAR-1/3 FERIAS;83947665,58999999;92194591,25999999;108268086,4;111430436,6;123549787,66;137810570,7
31901211;ABONO DE PERMANENCIA;0;0;0;0;7239557,820000001;24057819,16
33903952;PROJ.PESQ.LEVANTAM.PROSP.E ANALISE DE DADOS;0;0;0;0;2323562,65;1571017,7599999998
31901322;PARCELAM.DE DEBITOS JUNTO A PREV.SOCIAL;40364121,28000001;99725246,54999997;122330632,73999989;154163875,74000013;135924337,20999998;162320637,46000004
33903060;SUPRIMENTO DE INFORMATICA;67653799,17999996;44591875,95999986;38092992,35999994;46032101,529999994;29942261,570000034;26602942,41000006
44903999;OUTROS SERVICOS DE TERCEIROS;677975,0;5481112,0;5241896,09;41250878,56;24941694,840000007;17470417,11
33903983;SERVICOS GRAFICOS;43619160,719999954;44758925,15000006;71622433,88999991;88390523,69000003;60174689,74999997;141104518,85999978
45905225;AQUISICAO DE OUTROS BENS DE CAP.EM UTILIZACA;462000,0;0,0;0;0;0;500000,0
33903912;SERV.PROGRAMAS E APLICATIVOS DE INFORMATICA;317071335,4200009;428598644,83;478271807,09999955;706754920,9199986;597706036,7600007;715451247,8500003
33903795;SERVICOS DE VIGILANCIA;462508031,7700004;534849899,3300002;623046955,3700002;843134005,7399999;972974087,0599988;1015757080,3600001
33909205;REFORMAS DE BENS IMOVEIS E DE DOM.PUBLICO;0;294541,37;1736656,48;1102882,17;144378,57;1025574,8
33919223;EXERCICIOS ANTERIORES - SUS/FUNDES;0;0;0;755967,4400000001;2178724,1599999997;370394,92
33903031;MATERIAL MEDICO,HOSPITALAR E ODONTOLOGICO;439489897,9400014;506818379,58999985;520719359,5999984;583991030,2199999;462029231,1200006;426500423,87999886
33403901;TRANSFERENCIAS PARA SERVICOS;430811636,61999977;481215117,57999974;594129207,8300003;260777394,09000015;136407961,63;88258157,80999997
33909110;CLASSIF.DO EXERCICIO ANTERIOR;0,0;0,0;0,0;0;0;0
33900113;INATIVOS - OUTROS PODERES;1372119923,9899998;1572968245,62;1827530180,6699994;0;0;0
45905130;CLASSIF.DO EXERCICIO ANTERIOR;0,0;0,0;0,0;0,0;0;0
33913348;PASSAGENS E LOCOMOCAO - SUS/FUNDES;0;0;0;1645889,0699999998;1749021,0;1384676,0
33901401;DIARIAS PESSOAL CIVIL;143813908,86000228;140140548,83000034;141802978,37999707;179443539,1500245;157467002,86000907;132343288,25999399
33903053;PECAS E ACESSORIOS PARA VIATURAS POLICIAIS;47978256,42000008;45245052,79000014;24932802,020000007;34030996,320000075;16887681,39000004;10673810,289999986
33903504;SERVICOS DE CONSULTORIA-PESSOA JURIDICA;0;0;0;0;142383185,67000005;93769161,10999998
33903604;MAO DE OBRA DE REEDUCANDOS;6998137,179999999;7894554,2799999975;8765147,130000014;8193359,240000008;8975089,670000011;9903811,16000002
33804103;CONTRIBUICOES A FUNDOS INTERNACIONAIS;2231231,65;0;0;1463776,04;0;0
33903505;SERVICOS DE CONSULTORIA-ORGANISMO INTERNACIO;0;0;0;0;0;88255,64
44905235;EQUIP.E MOBIL.MED.-HOSPITALAR,ODONTOLOGICO;66466387,29000001;107832872,35999997;123901620,38999997;198314244,5;119286185,43000002;67839129,42000003
33403902;SERVICOS DE SAUDE-GESTAO MUNIC.-PREFEITURAS;4996531,6;0;0;31785388,02;21142972,72;13359200,0
33903915;LOC.DE MAQ. REPROGRAFICAS S/MAO DE OBRA;10821162,46999998;8167647,549999994;8273855,709999996;34330790,14999991;49142196,939999886;63060207,70000027
44915237;EQUIPAMENTOS - SUS/FUNDES;0;0;0;3461158,75;12996421,290000001;2785651,92
33903503;SERVICOS DE CONSULTORIA-PESSOA FISICA;0;0;0;0;6962496,46;3285507,6100000003
49403101;CLASSIF.DO EXERCICIO ANTERIOR;0,0;0,0;0,0;0;0;0
45906510;SUBSCRICAO DE ACOES-INVESTIMENTOS;3349016040,1;4233725657,0;2974638779,3200006;4027271423,2599998;4343917053,21;3762803152,3299994
33704116;SERV.DE SAUDE-GESTAO/CONSORCIO MUNICIPAIS;0;0;0;0;44991526,72;39912261,74999999
33900311;PENSIONISTAS - PODER EXECUTIVO;2171522922,2699995;2392541259,42;2629424975,5099998;0,0;0;0
33909321;ETAPAS PAGAS A SERVIDORES;5163870,0;4821842,0;9618381,0;8721415,0;8049977,0;6819614,0
33903510;CONSULT.ELABOR.DE ESTUDOS E PROJETOS BASICOS;0;0;0;0;52486,36;0
33900318;PENSAO MENSAL MILITAR - 13º SALARIO;82089183,44000001;104505652,88;122925115,88;0,0;0;0
33903347;TRANSPORTE ESCOLAR;0;0;0;55421685,33000008;430996425,27999973;471335381,0600015
33901502;DIARIAS MILITAR-EM SERVS.DE SEGURANCA PESSOA;458292,06999999995;396248,35000000003;340331,80999999976;385075,7500000007;344319,07999999943;416947,37000000017
31900313;PENSAO MENSAL MILITAR;0;0;0;1660691481,1899998;1908806874,76;2039137407,85
31900323;PENSIONISTAS-DEC.JUDIC-CART.PREV. ECONOMISTA;141971,19999999998;146187,5;204468,25999999998;0,0;0;0
31901111;PESSOAL CIVIL PAGO PELO DDPE;16284176445,259998;17846185114,83993;18894736081,669907;20880391388,63988;22275694921,72003;24337027157,150093
31204101;COMPENSACAO PREVIDENCIARIA;5861,37;0,0;0;19467744,1;23326831,17;23400333,08
31900320;PENSAO A HANSENIANOS;2941335,0;2849005,0;2971649,0;0,0;0;0
33913986;REFORMA DE IMOVEIS - FDE;0;0;0;358330824,4100001;401403096,73999995;137695741,14000002
44913999;OUTROS SERVIÇOS DE TERCEIROS;0;0;0;0;0;999,62
44909105;OBRIGACOES DE PEQUENO VALOR;0,0;4981094,7;178133,25;9457350,0;416500,0;168740,68
33913794;LIMPEZA E VIGILANCIA - SUS/FUNDES;0;0;0;6822071,510000001;15772528,0;13545359,0
33903343;LOCACAO DE VEICULOS,AERONAVES E OUTROS;76100925,36000006;98053328,98000002;139863005,87999997;168656024,73999992;175518454,0400001;178199391,51999992
45916103;AQUISICAO DE IMOVEIS;15020000,0;0,0;0,0;0;0;0
33413001;TRANSFERENCIAS PARA MATERIAL DE CONSUMO;0;0;0;45990303,3500003;69187427,56000099;64988089,710000254
33903975;CONTRATOS DE GESTAO-LEI COMPL.846/98 ALT.POS;0;0;0;0;0;4141376066,5299983
33913990;OUTROS SERVICOS-PESSOA JURIDICA - SUS/FUNDES;0;0;0;55900334,78999999;64630225,620000005;54976100,10000001
33903911;SERVICOS PRESTADOS PELA PRODESP;630468012,63;748345276,2099988;781305662,9700011;860035404,7900001;859562891,9799997;981910774,8299999
33903011;GENEROS ALIMENTICIOS PPAIS - LEI 14.591/11;0;0;0;946142,5600000005;2894427,5200000037;4469236,499999997
31901327;ENC.PATRO.POR DEMISSAO DE SERVIDOR/EMPREGADO;2779736,17;5519715,449999999;8025348,729999997;5486582,090000001;2888752,2699999996;1273876,2999999993
33913620;OUTROS SERVICOS PESSOA FISICA - SUS/FUNDES;0;0;0;112080,12;930108,0;1033597,9999999999
44905112;INSTALACOES;10527535,33;26186240,839999996;59838420,14;72872691,68;48792130,63;18416060,880000003
31909413;DESP.COM INCENTIVO A DEMISSAO VOLUNTARIA;0;0;0;0;0;252232867,05
33909313;AJUDA DE CUSTO-PESSOAL MILITAR;52790,46000000001;2859,91;24539,34;41906,020000000004;15588,66;19404,899999999998
31901133;VENCITOS.ATRASADOS-OUTR.PODERES E MINIST.PUB;296938485,65000004;166074560,75999996;200527126,09;231255387,78000003;222094600,75999996;254511103,06
31900801;SALARIO FAMILIA - CIVIL;0;0;0;936349,4699999944;1318938,0699999994;1645903,6300000097
33903024;OUTROS COMBUSTIVEIS E LUBRIFICANTES;26857028,520000063;29749536,26;33198492,539999988;34135380,16;36053463,29999999;39144325,569999985
33905017;TELEFONIA MOVEL CELULAR;8872566,709999984;10518966,329999989;11411387,729999982;10236916,379999997;9889608,750000004;9838867,430000005
33413901;TRANSFERENCIAS PARA SERVICOS;0;0;0;103861595,6;216412010,9999999;123086332,46999995
31900112;INATIVOS DA POLICIA MILITAR;0;0;0;3768467771,9900002;4372020651,95;4761456495,42
33909310;INDENIZACOES A PRESOS POLITICOS;4900000,0;5000000,0;518909,0;0,0;0,0;0
31900318;PENSAO MENSAL MILITAR-13 SALARIO;0;0;0;152023396,02;166042905,88;170200720,24
33903918;PROPAGANDA/PUBLICIDADE;262203215,26999992;141189260,61;198328828,45999995;119491189,31000018;105980085,41000006;29079270,220000014
33903063;FARDAMENTO,VESTUARIO,UNIFOR,TECIDO, AVIAMENT;51509863,719999984;38228613,039999984;27765985,000000007;45407447,15999999;80481132,47000006;66383536,77
33903930;DESP.RELACIO.SOLUCAO DE DISPUTAS CONTRATUAIS;0;0;0;0;0;577500,0
44909201;OUTRAS DESPESAS DE EXERCICIOS ANTERIORES;11486177,729999997;3608841,98;551185,0099999999;3433051,22;3057512,57;33134650,48
33913996;TAXA DE ADMINISTRACAO A SAO PAULO PREV-SPPRE;49141511,580000006;72405544,41;80373279,07000005;91407474,80000009;100548057,71999995;97744233,94000004
33909213;GENEROS ALIMENTICIOS;25596,9;15497,130000000001;116861,87000000001;13353,77;107127,2;538122,01
33504376;SANTAS CASAS;350444496,5600003;362320903,6799998;399508010,0800003;361339273,2399997;576076028,6600007;437631413,82
33904713;IPTU;27910397,070000004;37609378,550000004;36952055,86;61796676,13000003;52497573,36000002;44711922,02999997
33900843;AUXILIO-RECLUSAO(L.C.Nº1.012/07);722295,6200000001;953256,49;1101508,75;1662534,77;1480588,9500000002;1534671,4
33903993;VERBA DE REPRESENTACAO;1880588,1500000006;1030904,3999999999;1001570,6299999997;925540,9200000002;826994,0999999997;818542,5700000001
33903612;ENCARGOS SOCIAIS E OBRIGACOES FISCAIS;89874424,89000006;90499818,14999993;99891514,57000008;108502501,73999971;109691987,10000028;80618799,14000005
33913092;MATERIAL DE CONSUMO - FDE;0;0;0;0;6768501,57;179846547,80999997
33904714;IMPOSTO DE RENDA;921379,4400000003;596292,7699999999;255562,49;802279,2600000001;4978904,58;2610036,8100000005
33903052;MATERIAL P/ CONSERVACAO E MANUT. DE IMOVEIS;27411027,440000053;31430457,60999993;27892850,78999998;25157131,949999917;18846289,41999993;19514453,58999999
31901611;VERBA HONORARIA;174673260,28999996;181511597,82999998;188363701,10000002;202066142,91000006;221588684,58999997;227237925,9000001
31900321;PENSAO JUDICIAL DE CARATER INDENIZATORIO;85680,0;96320,0;111338,0;0,0;0;0
33903618;ETAPAS PAGAS A COLABORADORES EVENTUAIS;92062,79;0,0;4050,0;19159,05;8120,0;0
33909318;AJUDA DE CUSTO PARA MORADIA (RES. CNJ 199/14;0;0;0;0;59440603,06;211598028,54
33903061;PECAS E ACESSOR.E COMPONENTES DE INFORMATICA;19153005,660000034;18735476,59000001;49688603,439999945;43043255,36999992;14073982,500000024;16205957,090000004
33900313;PENSAO MENSAL MILITAR;967790756,4700001;1161418175,0900002;1468332834,78;0,0;0;0
45916510;SUBSCRICAO DE ACOES-INVESTIMENTOS;1178504110,0;1020634467,79;862755899,01;630584697,99;783958650,4;602581393,74
33903064;PECAS P/VIATURAS PELO REGIME DE ADIANTAMENTO;8940367,129999997;8841796,15;9004600,92;8093353,590000004;7074027,05999999;6321577,029999996
33909105;OBRIGACOES DE PEQUENO VALOR;520501191,7499999;551000000,0;392322974,41000015;261632675,69999993;346962983,09;300882567,6799998
33903691;LOCACAO DE IMOVEIS;33820712,99000011;37961320,609999985;43473558,43999999;52250002,23000002;60921295,950000115;65246621,58000002
33903016;MATERIAL DE ACONDICIONAMENTO E EMBALAGEM;0;0;0;0;7314852,520000007;7651205,679999993
33903082;SEMENTES E MUDAS DE PLANTAS;0;0;0;0;2714161,530000001;2512072,770000001
33903926;PUBLICIDADE LEGAL;4429881,1499999985;4776086,999999998;14533646,979999993;3114058,039999999;2493440,3799999985;2242339,6099999957
33903957;SERVICOS/APRESENTACOES ARTISTICAS E CULTURAI;0;0;0;0;7789681,129999999;4133655,5600000005
44905130;EXECUCAO DE OBRAS E INSTALACOES;7809581270,449985;5063856718,690001;3521550739,7500024;7773671005,969997;6434350100,699987;4556206518,980002
31911301;CONTRIB PATRONAL-SAO PAULO PREVIDENCIA-SPPRE;4346131085,319982;4846300761,849986;5397258347,3499975;6033861369,049971;6708058553,5400095;7128777264,440029
33909219;GAS;11779,59;45633,78999999999;18916,77;31498,37;11312,01;41693,14
33903945;OUTROS SEGUROS;33610112,070000045;35238914,99999998;38266479,96000007;39676912,940000094;15902516,120000003;16003592,230000006
33909317;INDENIZACAO-DECRETO 40.177/95 E 53.334/08;16123171,44;5998309,970000002;29933130,909999996;8332852,620000001;3737529,5099999993;8934040,55
33909320;CUSTEIO DILIGENCIAS DOS OFIC.DE JUSTICA;101517739,78999998;118192245,55;128655677,97000004;148837806,8900002;148890971,96999997;159245896,36000004
33900842;AUXILIO FUNERAL - PODER EXECUTIVO;15371593,389999988;15417391,969999978;20931117,949999988;21483524,93000001;20995924,969999995;25167432,04
31901137;LICENCA PREMIO - PESSOAL CIVIL;0;0;0;0;36574629,630000055;140437952,40000013
33909222;IMPOSTOS EM ATRASO;17854,25;129222,38999999998;15902,23;36357,090000000004;624694,8;1653054,2699999993
31914902;AUXILIO TRANSPORTE - SUS/FUNDES;0;0;0;473252,0;808122,0;1188520,0
31901134;REEMBOLSO DE FERIAS-OUT.PODERES E MINIST.PUB;55499626,49000001;290927577,78;267624097,69000003;0,0;0;0
33909308;RESSARCIMENTO ASSISTENCIA MEDICA/ODONTOLOGIC;0;0;4307409,05;7012149,009999999;3951725,5400000005;10592795,349999998
32902121;JUROS S/A DIVIDA EXTERNA POR CONTRATO;100592810,01999998;102407308,71999998;129377736,67;125912229,39999999;137333748,47;223049062,14000008
33903603;CONDOMINIO;181191,6;173932,49;200600,99;166529,66999999998;182288,05;225780,38
33915018;UTILIDADE PUBLICA - SUS/FUNDES;0;0;0;2717462,0200000005;4140633,0;3843101,0
33504372;LEITO-DIA;460989,0;498640,0;512141,0;712251,97;706525,5100000001;767261,26
44905211;TRENS;1232013733,43;684903779,8199999;367131145,15999997;666977262,49;584236782,6899999;627647765,8499999
33903692;LOCACAO DE BENS MOVEIS;0;0;0;0;42485,08;23588,16
33504377;ENTIDADES DE ASSISTENCIA AOS PRESOS;13112151,85;9889403,85;5712182,26;2993469,84;3180231,1599999997;0
33903970;FORNEC.ALIMENT.PREPARADA-HOSPITALAR;58530348,74999998;67805140,02000001;70359587,16999997;69609034,36999996;72223068,89999999;96184293,98999994
31901320;OUTRAS CONTRIB.PREV.SOCIAL-13 SALARIO;26598859,349999994;31635828,78000001;38851345,09000002;42267067,449999996;46632294,15;46960586,45999998
31900401;CONTRATACAO POR TEMPO DETERMINADO;0;0;0;206297,0;0,0;5041092,91
33903066;MATERIAL PROT.SEGUR.SOCORRO E SOBREVIVENCIA;0;0;0;0;12305871,540000025;16632921,500000011
44905110;ESTUDOS E PROJETOS;274295351,6500001;264799298,98000002;380288915,01000017;309599143,14999986;240177154,41000012;171165979,67000005
31901312;OUTRAS CONTRIBUICOES DE PREV.SOCIAL;387028967,5700001;586628588,7400007;533533993,06;658558650,2400004;578425102,7100004;579503934,3899997
33913502;SERVICOS DE CONSULTORIA - SUS/FUNDES;0;0;0;0;1000000,0;0
33914115;OUTRAS CONTRIBUICOES-SUS/FUNDES;0;0;0;13335718,51;10712275,0;0
33204102;TRANSFERENCIAS;0;0;0;0;13029961,910000002;23882781,499999996
33903922;LOC.MAQ.REPROGAFICAS C/MAO DE OBRA;8213471,029999995;5447381,529999999;9165639,469999999;17999999,179999996;17803605,779999997;13755846,299999997
44704201;AUXILIOS PARA DESPESAS DE CAPITAL;79906,26;6650093,0;0,0;2799999,56;184536,0;0
33900844;AUXILIO FUNERAL - OUTROS PODERES - INATIVOS;0;0;0;0;2966288,0299999993;4078939,3700000015
33904717;ENCARGOS DECORRENTES DO PARCELAMENTO PASEP;38684795,879999995;44791116,539999984;55864275,42000001;14983383,16;0;0
33904111;CONTRIBUICOES CORRENTES A FUNDOS;3123612446,05;3360898422,38;4007247982,3799996;4388457702,63;4545451340,94;5224794388,21
33909103;CREDITOS DE NATUREZA ALIMENTICIA;772863720,7900001;1054236649,34;1023172051,46;1669798558,2300005;1546363781,7099998;1513461863,5200002
44905131;DESAPROPRIACOES;0;0;0;0;1343389856,8099997;405303131,5500003
33903022;DIESEL AUTOMOTIVO;19874121,15000003;16777061,759999987;12922046,85999999;16022596,330000006;10047787,19;8248697,519999996
32902110;JUROS SOBRE A DIVIDA POR CONTRATO;5745924574,160001;6422379650,58;7299017821,280001;7936361227,430002;8896905899,240005;8446974367,829999
33914301;SUBVENCOES SOCIAIS - SUS/FUNDES;0;0;0;1858853,86;2636992,0;15533396,0
44905234;OUTROS EQUIPAMENTOS E MATERIAL PERMANENTE;332678871,1999996;419885433,46999913;330487321,7300004;354421402,1999999;341403764,37000006;218838186,67000118
31900124;COMPLEMENTACAO DE APOSENTADORIA;48923074,17999999;65366312,740000024;61850490,61000001;1425607172,5699997;1388659403,5800016;1523750989,439999
33903913;LOCACAO DE EQUIPAMENTOS DE INFORMATICA;36856246,5;37105720,400000006;34080522,69;38796769,199999996;142644732,3700001;207548910,78999996
31900903;SALARIO FAMILIA-INATIVOS DO EXECUTIVO;94074,92;52704,889999999985;37294,41;0,0;0;0
33909322;AUXILIO-ENC.GER.DE GAB. DEPUTADO E AUX.HOSPE;0;0;21783700,0;23897738,0;24847725,0;22768750,0
33909316;RESTITUICOES DE RECEBIVEIS;10000,0;3143,9800000000005;646755,98;0;1427,42;0
31900322;PENSIONISTAS- DEC.JUDIC.-CARTEIRAS EXTINTAS;787984,8499999999;803341,8299999998;812309,1600000001;1823473,0600000015;1985780,0;1975504,099999999
33408160;TRANSFERENCIA A MUNICIPIOS-OUTRAS RECEITAS;107331359,07999998;120806724,30999999;80380730,50000006;45225287,12999999;100871589,84999998;125769356,38000001
31900904;SALARIO FAMILIA-INATIVOS OUTROS PODERES;171,11999999999998;186,59999999999997;0;0;0;0
33909217;TELEFONE,TELEX,OUTRAS;631727,0800000001;311344,34000000014;1505638,2399999995;681303,0499999998;325540,1400000001;7086086,459999999
44903611;OUTRAS REMUNERACOES DE SERVICOS PESSOAIS;0;0;73343,12;67390,83;37241,07;66930,0
31901112;PESSOAL CIVIL PAGO PELA UNIDADE;7527000207,959991;7655279002,570003;8310965438,740004;9661380206,020016;10121133205,599976;11439914154,929974
31911617;OUTRAS VARIAVEIS PESSOAL - SUS/FUNDES;0;0;0;618553,0;2029327,0;2888400,0
31900120;REEMBOLSO DE FERIAS-OUTR.PODERES/MINIST.PUBL;8886225,500000002;36437843,51;20074329,919999994;0,0;0;0
33903624;BOLSA PARA MEDICOS RESIDENTES;0;0;0;0;4436856,59;8037220,449999999
33903506;ASSESSORIA DE IMPRENSA E COMUNICACAO;0;0;0;0;28725797,45;31071068,620000005
33903971;FORNEC.ALIMENTACAO PREPARADA-FUNCIONARIOS;71769436,64000005;77687318,52999994;84336132,62999995;96000844,95999996;0,0;0,0
33900314;PENSIONISTAS - OUTROS PODERES;448861440,7700001;463345516,11;544306651,32;0,0;0;0
33903026;CESTAS BASICAS;7099570,6;7082727,95;7906990,9;8603855,0;1095740,6400000001;2516750,1500000004
45906103;AQUISICAO DE IMOVEIS;57931834,70999999;152399344,16;221950227,10999998;60306485,010000005;92369638,92;11931011,24
33504380;SERVICOS DE SAUDE-GESTAO MUNICIPIOS-ENTIDADE;1869369273,7900002;2197965657,2900004;2300425502,2300005;2595361170,2;2667409310,0;2600047963,0299983
32902221;ENCARGOS S/A DIVIDA EXTERNA POR CONTRATO;6465128,429999998;12741400,53;9356762,96;13922065,390000004;36051476,77;54443768,339999996
33903622;MANUT.E CONSERV. DE BENS IMOVEIS;0;0;0;0;32965,0;4453,2
33903961;CURSOS PARA SERVIDOR/FUNCIONARIO;0;0;0;0;49978606,62999999;40084855,29999999
33909102;DESPESAS DECORRENTES DE ACOES JUDICIAIS;22063285,369999997;20338675,200000003;9897087,200000001;13703962,430000005;10068100,969999997;15733534,719999999
44405201;TRANSF.A MUNICIPIOS-EQUIP.MATER.PERMANENTE;108170547,40000004;31991286,810000002;177036502,44999984;174468134,04000002;115237936,61000003;22993193,82
33909301;INDENIZACOES E RESTITUICOES DIVERSAS;82484306,03999995;135379548,16;241662041,66000012;319493742,95000035;345395090,6900017;742844386,5599984
31900116;INATIVOS 13 SALARIO-PESSOAL MILITAR;0;0;0;344430516,49;381933187,24;411127613,7
44905210;VEICULOS DIVERSOS;288874504,89;515474856,1000001;317274519,9100001;581978117,8399999;288795081,32;245078755,09000003
44504201;AUXILIOS PARA DESPESAS DE CAPITAL;342926766,71000004;232951743,3600001;240520769,23000008;235980055,61999997;170152095,60999995;35641765,62999999
31901311;OBRIGACOES PATRONAIS-INAT.E PENSIONISTAS;0,0;37985453,53;0,0;0,0;0,0;0
31900324;PENSIONISTAS-CART. SERVID. MUNICIPAIS-CASEM;788104,82;702869,22;764271,7300000002;0,0;0;0
31901209;PESSOAL MILITAR-13 SALARIO;256249591,10999998;295635464,64;310608235,21000004;356949167,45;393696304,43999994;398338653,08000004
33504374;CONV.C/UNIV.E FACULD.S/FINS LUCRATIVOS;57374041,42;199618511,49999997;343390305,31;255719358,98000002;173618141,07000005;164901964,73
33903340;REGIME DE QUILOMETRAGEM;2189609,49;2576763,0699999994;2760229,2900000005;7204495,429999996;2936985,700000001;3527811,3599999985
33909315;AJUDA DE CUSTO-PESSOAL CIVIL;3463089,4600000014;3118007,7500000037;3575593,0500000007;5644722,860000001;4075322,479999999;7493797,389999999
31901616;DESPESAS EVENTUAIS DE PESSOAL CIVIL;41404630,34000001;72330164,50999998;49052214,00000001;60280418,57;52225203,82999998;63176311,17000001
44915140;PROJETOS, GERENC. E EXECUCAO DE OBRAS - FDE;0;0;0;24404844,589999996;256954946,53999996;170985415,17999995
31901129;PESSOAL CIVIL PAGO PELA UNIDADE-13 SALARIO;440167515,35000104;459784867,43;518358556,54;681953167,8800004;730009368,5200005;686419708,9900007
33900810;AUXILIO-CRECHE E AUXILIO-ESCOLA;13348487,830000002;12958012,279999997;14229120,040000005;15622486,98999999;18321156,030000005;18902624,61000001
33903512;ENCARG.SOCIAIS E OBRIG.FISCAIS AUDIT/CONS.;2866901,6499999994;2177350,4;2262222,2899999996;2027494,8500000008;1620087,2799999993;1045431,2500000001
45906301;AQUISICAO DE TITULOS DE CREDITO;0;0;0;0;0;89944956,04
33909212;ALIMENTACAO PREPARADA;37005,5;449071,79999999993;96265,31000000004;438694,3100000002;2263613,5400000005;7237958,470000003
33909309;RESSARCIMENTO DE AUXILIO PRE ESCOLAR;0;0;0;0;83163,0;366608,81999999995
33909214;LIMPEZA;135097,75;443464,57;1090540,2300000002;451786,67;1255887,5099999998;2805676,9600000023
33903295;MATERIAL OU BEM PARA DISTRIBUICAO GRATUITA;38672471,33000001;41958463,61000003;40337774,06;45071359,81999992;41882101,76000001;38547788,80999999
31900319;PENSIONISTAS-REVOLUCAO DE 1932;16220480,920000002;14807792,0;16729819,54;0,0;0;0
33903090;OUTROS MATERIAIS DE CONSUMO;545034332,8500015;533870855,4199979;472046195,21999943;579181400,2799988;309266938,0400021;242678789,15999997
33904716;PARCELAMENTO PASEP;47127258,59;53102852,25999999;56684766,050000004;17000374,05;3905093,4999999995;4185898,170000001
33903906;VALE-REFEICAO/ALIMENT. A SERV/EMPREGADOS;553701761,7600006;629654519,2200007;854078309,0300004;1120968463,3799992;1108598108,24;1155936905,0300002
31905920;PENSAO A HANSENIANO;0;0;0;3219670,0;3124314,0;2967744,0
31900316;PENSIONISTAS 13 SALARIO-OUTROS PODERES-RPPS;0;0;0;47639336,47;48612148,75;53631005,98
33911402;DIARIAS - SUS/FUNDES;0;0;0;126679,99999999997;651790,0700000001;1006417,8700000001
31900115;INATIVOS 13 SALARIO-OUTROS PODERES - RPPS;0;0;0;164569429,62999997;185509416,1;213030140,4
33904114;OUTRAS CONTRIBUICOES;0;0;24159979,709999997;31986882,36;22854729,0;8000000,0
33413999;OUTROS SERVICOS DE TERCEIROS;0;0;0;183161493,50999996;215649114,65999997;197663337,90999973
33903951;CARGA DESCARGA EMPACOTA.PESAGEM LOG.ARMAZENA;0;0;0;0;864251,79;575945,6000000001
44903612;ENCARGOS SOCIAIS E OBRIGACOES FISCAIS;0;2304,0;0,0;0;0;0
33900841;AUXILIO FUNERAL - OUTROS PODERES;2872377,4899999984;2966584,9099999997;3077629,7199999997;3540065,9199999995;1262424,1700000002;799922,1900000001
31900701;CONTRIBUICAO PATRONAL;0;0;0;20441722,25000003;65686590,11;79959556,57000014
31900119;ATRASADOS-OUTROS PODERES/MINIST.PUBLICO;239269542,55000004;209648303,18000007;192617897,12000006;195182846,42000002;228674495,08000007;226016078,18999988
33909221;DIARIAS;7595513,030000011;3284566,0099999905;4192982,440000001;2952981,059999998;5298847,880000013;10561232,75999993
33903980;CONSERV.MANUTENC.DE BENS MOVEIS E EQUIPAMENT;426507401,4199991;450758977,1999986;497164510,72000104;684095205,9900004;533805644,77999985;578852041,0900004
31900314;PENSIONISTAS-OUTROS PODERES-RPPS;0;0;0;566140479,42;583527961,89;643506913,78
33909104;CREDITOS DE NATUREZA NAO ALIMENTICIA;141083585,13;16174886,24;21423062,72;35439667,39;41248962,30000001;57924381,1
44903912;SERVICOS,PROGRAMAS,APLICATIVOS DE INFORMATIC;23028190,330000002;11019212,110000001;15434117,440000005;35728447,809999995;163974720,07;68179910,25
33903054;MATERIAL INSTALACAO ELETRICA E ELETRONICA;0;0;0;0;7048433,710000003;8238456,460000029
33903959;SERVICOS DE SOCORRO E SALVAMENTO;0;0;0;0;4656,0;0
33503977;CONVÊNIOS C/ENTID.PRIVADAS S/FINS LUCRATIVOS;3484785,08;4394668,5200000005;49754988,94000001;65796357,23;98488924,55000001;874414508,84
33903962;CURSOS P/ NAO SERVIDOR,INCLU.QUALIF.PROFISSI;0;0;0;0;28239591,139999997;7956759,210000001
45906201;AQUISICAO DE PRODUTOS PARA REVENDA;120950,8;170381,00000000003;423309,7;214950,5;0;0
33604504;SUBVENCOES ECONOMICAS;0;0;0;0;1052611,06;2307501,0
33903796;SERVICOS DE LIMPEZA;511933661,0599997;622892042,7500015;715218132,4300003;817958446,7099999;855504202,5499979;1008933605,6399974
33903508;CONSULTORIA EM TECNO. DA INFORM.PESSOA FISIC;0;0;0;0;0;73645,05
33408110;TRANSFERENCIA A MUNICIPIOS-ICMS;22848066780,73;25209540858,45;26894576194,33;30077214432,899998;30290779450,99;31120705921,900005
44905232;MOBILIARIO EM GERAL;139951506,61000022;168740678,25999987;110088445,92000003;131894776,92000008;133528811,65000018;141035822,95999998
33903928;SERVICOS DE PUBLICIDADE INSTITUCIONAL;0;0;0;141332824,5;113821547,33;105916042,59000002
33903964;CRECHE;0;0;0;0;7565467,630000002;7998639,800000001
33909601;RESSARCIM.DE DESPESA-PESSOAL REQUISITADO;98875397,17999995;114282427,13000008;126385192,18000004;132273122,98000002;132206840,36999997;131788090,40999994
33903979;CONSERVACAO E MANUTENCAO DE IMOVEIS;0;0;0;0;218775304,17999992;239287173,88000014
31901324;PREVIDENCIA SOCIAL/PESSOAL COMISSIONADO;55928877,14999994;35805195,65999998;66679610,82000002;59005472,87000006;56815739,31999997;63280729,61000003
33902001;AUXILIO FINANCEIRO A PESQUISADORES;782196620,5699998;940573077,1599997;1039006256,6700006;1154212849,8300006;1157130637,6299999;1225696705,2900004
33903963;INSTAL.REPAR.MANUTENCAO DE DIVISORIAS/PORTAS;0;0;0;0;5809213,8599999985;4238460,410000001
33903982;CONSERV.ESTRADAS E OUTROS BENS DE DOM.PUBLIC;523493072,41999984;529014721,5499999;472044568,5600001;459142213,54999995;447937355,84999985;468190825,7600001
33903507;AUDITORIA EXTERNA;0;0;0;0;401447,26999999996;781493,75
31901612;VERBA HONORARIA-13 SALARIO;411146,35;903449,7800000003;714908,67;790598,3600000001;767925,4599999997;749047,4200000002
33900903;SALARIO FAMILIA - INATIVOS DO EXECUTIVO;459,45;41278,39;42312,57000000001;0;0;0
33903012;MATERIAL DE CAMA, MESA E BANHO;0;0;0;0;11469885,770000001;9083792,030000001
44904201;AUXILIOS PARA DESPESAS DE CAPITAL;214440590,58;236998668,95000005;263386697,68000004;405521119,40999997;285727148,24;236697174,46000004
33903944;SEGURO DE VEICULO;0;0;0;0;7575020,059999991;8321910,249999989
33903065;PECAS E ACESS.P/VIATURAS ESCOLTA/CUSTODEADOS;0;0;0;0;797267,5299999998;851830,7799999999
31901319;OBRIG.PATRONAIS-INAT.E PENS.-13 SALARIO;0,0;0,0;0,0;0,0;0,0;0
33909325;RESTITUICAO DECOR COOPERACAO TJ/SSP (PM);0;0;0;0;0;2040000,0
31901323;PREVIDENCIA SOCIAL/PESSOAL CLT;775136002,1700009;973726707,2899992;1131773055,8699994;1197330441,96;1257539955,8500004;1330676719,5900009
33904715;DEBITOS DO PASEP EM ATRASO;5923130,090000001;2261179,62;0;0;0;0
31900325;COMPLEMENTACAO DE PENSAO;2080627,82;2671947,3;1863693,8800000004;3230954,1800000006;4065686,179999999;5445343,499999995
33904112;CONVENIOS/CONTRIBUICOES A EMPRESAS ESTATAIS;12270000,0;12000000,0;8875505,0;11667138,99;46976011,5;29141562,0
33903921;SERVICOS DE COMUNICACAO DE DADOS;17977401,319999997;35276332,18000002;56151258,57000005;64700703,83;54997866,74;48797129,74000004
44909101;SENTENCAS JUDICIAIS;323758255,24;482442386,31;20862,36;199413103,00000003;526943882,00000006;636506047,0
44905236;ARMAMENTOS;99724603,16;57171930,010000005;974270,3;6167336,67;12046592,5;21319373,240000002
33903041;MATERIAL DE ESCRITORIO PAPELARIA E IMPRESSOS;47821179,04999987;47119956,09999973;41206259,33000002;53927957,929999985;43268327,339999914;47082107,03999983
33903346;TRANSPORTE PARA LOCOMOCAO DE SERVIDORES;0;0;0;4714563,269999995;14307681,47;9550313,739999996
33903946;SERVICOS MEDICOS,HOSPITALARES E ODONTOLOGICO;254107753,91999978;281488729,79999983;347183317,28999954;411355092,0800005;854108645,4099989;1044658374,2700006
31900125;COMPLEMENTACAO DE APOSENTADORIA - 13ºSALARIO;3572014,4;4015515,3;4201897,970000001;96238450,62999994;100526022,24;120166078,81999996
33903039;MATERIAL ESPORTIVO E DE LAZER;0;0;0;0;13265202,859999986;4116193,420000001
33900846;AUXILIO SAUDE - OUTROS PODERES;0;0;0;0;17814800,53;104874406,78
34144401;CLASSIF.DO EXERCICIO ANTERIOR;0,0;0,0;0,0;0;0;0
44405101;TRANSFERENCIAS A MUNICIPIOS-OBRAS;849069641,7099998;606649204,9699997;1042126869,7000012;891885856,2199996;868767755,4400018;439508595,28
32902201;ENCARGOS COM INSTITUICOES FINANCEIRAS;285362,93;131484,44;83913,20999999999;167490,87000000002;106999,99999999999;27127,56
33903019;LUBRIFICANTE AUTOMOTIVO;0;0;0;0;1413834,6700000004;806599,1099999996
33903621;REPAROS DE EQUIP.INSTAL.E MATERIAL PERMANENT;0;0;0;0;106765,0;6431,0
33903102;OUTRAS PREMIACOES;855745,8300000002;1324582,6199999999;2473743,8000000007;2625706,01;7465977,079999999;3862902,05
33504375;CRECHES;500000,0;0;0;0;0;0
31901201;VENCIM.E VANTAG.FIXAS-PESSOAL MILITAR;3142369250,98;3560304261,13;4159734856,85;4311466133,85;5066273783,059999;5323025208,240001
33904712;IMPOSTO S/OPERACOES FINANCEIRAS-IOF;11213,07;180248,81;287,0;0;0;0
31901130;PESSOAL CIVIL PAGO PELO DDPE - 1/3 FERIAS;249629574,96000025;268074510,04000047;333997679,3399999;375716702,6499994;486738060,20999914;440043251,289998
31910905;CONTRIB RPPS EST P/SAL FAM SERV FALEC-L.96/7;3083,2300000000005;2981,4400000000005;1915,9200000000003;0,0;0;0
44909205;OBRAS E INSTALACOES;4369115,050000001;4045795,89;3601524,4;1502110,34;782560,09;48681132,67000001
33903958;AUDIO,VIDEO,FOTO E PROJECAO;0;0;0;0;1841931,8;836068,62
32902210;OUTROS ENCARGOS S/A DIVIDA POR CONTRATO;362767092,9199999;563295977,5100001;263541973,01;297870406,89000005;521663414,5600001;958736016,3900001
33909220;OUTRAS DESPESAS DE EXERCICIOS ANTERIORES;152038293,8399997;372517210,8299998;81345738,06000003;47870420,73000006;62350622,15000007;326309237,6099996
31900803;SALARIO FAMILIA-INATIVOS DO EXECUTIVO;0;0;0;73749,29000000001;68270,70000000001;63835,68
44409201;OUTRAS DESPESAS DE EXERCICIOS ANTERIORES;0;0;0;0;151498,06;0
33903029;OUTROS COMBUSTIVEIS E LUBRIFICANTES-REEMBOLS;14585,39;1864689,2300000004;3042600,3100000005;3441026,59;3819789,160000001;5627188,670000002
33903344;VALE-TRANSPORTE;71596250,5199998;75714502,09000002;73780402,98000023;73584852,55999993;70887985,6799999;76673959,09
31905919;PENSIONISTAS DA REVOLUCAO DE 1932;0;0;0;18526952,200000003;16364479,869999997;14513492,440000001
44915141;OBRAS E INSTALACOES - COMPENSACAO AMBIENTAL;0;0;0;0;0;8381996,49
33903080;ANIMAIS PARA ABATE,EXPERIMENTO E SEMEM;459552,51999999996;440927,73999999993;619076,8800000001;752197,0599999998;844962,0000000001;611846,0999999999
33903903;CONDOMINIOS;23450668,19999999;21397669,78;25033731,109999992;32048035,119999986;35523690,36000002;38605330,39999999
33903062;MUNICOES E EXPLOSIVOS;61538733,13999999;18702954,1;35166854,22;49825879,54;53659487,04;11574641,91
33903342;PASSAGENS AEREAS;19766103,189999875;25010364,57000001;29589941,730000082;37768086,55000003;24873439,710000012;28159062,189999934
31900121;INATIVOS-CARTEIRAS EXTINTAS;1181776,45;1263281,3699999996;1381408,5899999999;2396982,2199999993;2502613,1300000027;2601158,1499999994
31911302;CONTRIB ESTADO P/COBERTURA INSUF FIN-SPPREV;8174484900,140004;9513257565,48;893561958,05;12704110510,00001;13826980460,23999;15983441772,109995
33901403;DIARIA ESPEC.JORNADA EXTR. TRAB.PENITENCIARI;0;0;0;0;9714717,470001023;36437158,669999994
33903614;MONITORES, FISCAIS E EXAMINADORES;4823848,43;7359197,409999995;6154931,660000001;7712691,7;10230024,659999998;10059340,92
31909412;INDENIZ.POR DEMISSAO DE SERVID.OU EMPREG.;25042935,50000002;10143387,40999999;10933406,310000004;21364804,80000002;21051169,390000015;17208593,849999994
33903027;ETANOL AUTOMOTIVO-REEMBOLSO;1297850,68;34582364,42;32028952,67;40881816,92000001;51945485,31;98801865,35999995
33903919;LOCACAO DE MAQUINAS E EQUIPAMENTOS DIVERSOS;31406189,370000046;33251825,41000002;38907681,839999996;47405229,76000001;52433458,40999992;57582956,46000001
33903617;SERVS.AUXILIAR VOLUNTARIO DA POLICIA MILITAR;68673542,1;66814630,03;80499118,75999999;64994424,42;18341519,0;94869,8
33909101;SENTENCAS JUDICIAIS;262949531,65;118993897,04000002;806528061,5500002;28626504,13000001;15659260,669999992;15859252,530000044
33903999;OUTROS SERVICOS DE TERCEIROS;2670011730,2600136;3560325419,210014;2951610517,310007;3575139057,0899987;2788932790,37999;2407217607,780007
33903055;MATERIAL PARA TELECOMUNICACOES;0;0;0;0;15001763,170000007;4526191,140000001
31911304;PARCELTO. DE DEBITOS JUNTO A PREV ESTADUAL.;0;21981242,14;11068632726,1;407086634,86999995;349505210,47;0,0
33903924;SERV.FORNECIM.E DISTRIB.DE CESTA BASICA;6960922,859999999;6455463,65;7254046,75;7533676,43;6575576,91;8773596,17
31911305;OBRIGACOES PATRONAIS - SUS/FUNDES;0;0;0;94665280,51;235979563,27000004;263254249,15
33901501;DIARIAS PESSOAL MILITAR;14896294,73000011;15204555,969999986;13631089,960000053;11057586,550000004;10198751,299999906;10363269,109999916
33903511;CONSULTORIA P/ REESTRUTURACAO ORGANIZACIONAL;0;0;0;0;828000,0;0,0
33903040;MATERIAL EDUCATIVO E CULTURAL;117880484,55000013;52926499,509999916;108095048,53999975;145064622,9400001;10413125,849999998;170924516,18000028
33903625;CURSOS, PALESTRAS;0;0;0;0;175600,94000000003;228153,17999999996
45906401;AQ.DE TIT.REPRES.DE CAP.JA INTEGRALIZADO;0,0;0,0;0;0;0;0
33914721;OBRIGACOES CONTRIBUTIVAS - SUS/FUNDES;0;0;0;1055253,7400000002;1237505,0;1274551,0000000002
33903927;GERENCIAMENTO DE ABASTECIMENTO DE COMBUSTIVE;51809,99999999999;2395028,0599999996;7881617,549999997;15613150,339999983;22944110,90000003;25990830,170000024
33804101;TRANSFERENCIAS A OUTROS GOVERNOS;0;158700,0;0,0;0;0;0
33904801;AUXILIOS A PESSOAS FISICAS;264215576,28999996;313588247,0799996;355920791,01999974;302297927,1100005;322441622,04000014;285959812,53999984
33901416;DIARIAS NO EXTERIOR;0;461952,3499999999;6735304,190000003;7310313,349999994;4497236,2600000035;5477852,699999999
33903042;MATERIAL PARA FOTOGRAFIA E FILMAGEM;0;0;0;0;505812,03;385565,5100000001
31910805;CONTRIB RPPS P/SAL-FAMI.SERV.FALECIDO_L 96/7;0;0;0;2034,7199999999996;1252,86;0
31900113;INATIVOS-OUTROS PODERES-RPPS;0;0;0;2070367101,64;2260423461,3;2589251702,3
33900115;INATIVOS 13º SALARIO - OUTROS PODERES;118081138,08000001;131586891,5;146035174,6;0;0;0
46907110;AMORTIZ.DA DIVIDA INTERNA CONTRATADA;3411373018,480002;3893466517,450002;4499889103,010001;5040784798,08;5224886011,92;6299482715,810001
33903941;SERVICO DE LAVANDERIA;40927821,180000015;50778532,54999999;52574070,649999954;56885335,410000026;48613264,529999994;60424024,95999998
31910806;SALARIO FAMILIA - SUS/FUNDES;0;0;0;0;35,0;52,0
31900118;13 SALARIO/INATIVOS-EMPRESAS;46820446,96999998;50179558,09;84975343,76999995;0,0;0;0
33903050;PECAS DE REPOSICAO E ACESSORIOS;67986854,38999988;78341595,57000004;94899957,2699999;114978524,93000011;89934963,46999992;93085250,12000003
31910702;CONTRIBUICAO PATRONAL-SUS/FUNDES;0;0;0;15922,0;30302304,16;9741503,000000002
33903021;GASOLINA AUTOMOTIVA;78055590,07000002;44100752,949999966;35865605,10000002;28865260,729999945;8572755,359999977;1937641,2799999998
33909323;RESSARCI.DE TRANSP.P/LOCOMOCAO DE SERVIDORES;0;0;0;35406,81999999997;257894,32999999984;77177,69000000002
33408120;TRANSFERENCIA A MUNICIPIOS-IPVA;4697769130,219999;5258950486,080001;5813409807,709999;6201020843,920001;6812619114,809999;7368035650,210001
33903948;TRANSPORTE P/EVENTOS TURISTICOS E ESPORTIVOS;0;0;0;0;3900,0;7250,0
33903966;COLETA DE LIXO HOSPITALAR;0;0;0;0;1762520,2899999993;2679178,829999998
33903051;FERRAM.AVULSAS NAO ACION.P/FORCA MOTRIZ;1582260,9700000007;4629838,910000016;1106146,9000000004;1399219,1700000009;1209645,9099999988;839645,2200000008
31900327;ATRASADOS-OUTROS PODERES E MINISTERIO PUBLIC;0;0;0;8431940,020000001;13345270,410000002;24587488,449999996
33903923;DESP.MIUDAS E DE PRONTO PGTO.SEV.MIL.SEG.PES;605149,79;293704,1700000001;340526,88;736603,0999999997;347900,87999999995;365246,63
33408150;TRANSFERENCIA A MUNICIPIOS-IPI;184275427,69;220510090,22000006;212095560,75000003;223365003,56999996;243006337,21000004;246356732,66000003
33903942;SEGURO DE VIDA;0;0;0;0;3109224,3200000017;3130074,6399999997
31900511;BENEFICIOS DA PREVIDENCIA SOCIAL-13 SALARIO;2269,06;8724,91;0,0;0;0;0
33903965;SERVICOS DE COPA, COPEIRAGEM;0;0;0;0;9468353,280000003;9827479,600000003
31901313;FUNDO DE GARANTIA POR TEMPO DE SERVICO;357417258,08999956;382026281,9100001;508509782,71999985;530173225,9900002;548325689,3000003;590155789,0199997
33903023;ETANOL AUTOMOTIVO;45175170,02999996;20482011,20000001;17753388,540000003;17827487,01;11795414,169999965;5485742,679999993
33903956;ALIMEN.HOSPED.P/EVENTOS PROG.PELA INSTITUICA;0;0;0;0;3350527,6599999988;4726876,789999998
33903920;INSTAL.MANUT.DE EQUIP.DE INFORMATICA;36500100,19000004;41705140,47000003;49576328,870000005;60485366,96000001;102133120,34000003;78545282,84999992
44909301;INDENIZACOES E RESTITUICOES DIVERSAS;98357907,68;165785240,48000002;205166986,49999994;178064401,73000002;98253680,23000002;93533119,14999999
33903914;EXAMES LABORATORIAIS;33349541,300000004;34144588,89000002;41241961,66999997;49818281,10000002;18243492,820000004;18294459,930000003
33903950;MONITORES CONTRATADOS POR INSTITUICOES;0;0;0;0;7352542,279999999;8202772,75
33903975;CONTRATOS DE GESTAO-LEI COMPLEMENTAR 846/98;2491301458,4800034;2896528922,820001;3381904720,800003;4029695209,4600005;3850560310,339998;0
33901801;AUXILIO FINANCEIRO A ESTUDANTES;56476654,2199989;88283134,01999986;149142539,85999984;130290020,48999992;153260564,84999996;135224783,57000002
31900901;SALARIO FAMILIA-CIVIL;732512,4199999939;902576,3399999972;687679,9999999995;0,0;0,0;0
33903947;SERVICOS DE TRANSPORTE ESCOLAR;0;0;0;600,0;0;0
33903954;CONGRESSOS,SEMINARIOS,SIMPOSIOS E CONGENERES;0;0;0;0;289549,33999999997;549270,96
33904720;OUTRAS OBRIGACOES TRIBUTARIAS E CONTRIBUTIVA;41826560,979999974;61616812,51;68537551,06999996;58576280,52000007;67744332,35999995;79566195,97999988
33900999;OUTROS SALARIOS-FAMILIA;2647,09;2040,32;1915,92;0,0;0;0
44204201;TRANSFERENCIAS A UNIAO;10014997,719999999;115570579,33;431273284,56999993;395334438,0;0,0;0
33900315;PENSIONISTAS 13º SALARIO - PODER EXECUTIVO;169152826,67999998;194099437,85000002;218877890,36;0,0;0;0
33503976;TERMO DE PARCERIA COM OSCIP (LEI 11.598/2003;0,0;1300270,0;0,0;0;0;0
33905013;AGUA E ESGOTOS;509305523,5600018;505253928,66;585896860,6200011;608565515,8899996;570954727,1200008;487944014,2000002
33704111;SERVICOS DE SAUDE-GESTAO MUNIC.-CONSOR.MUNIC;27452856,0;31377927,94;34199999,99999999;45599999,999999985;0,0;0
33903013;MATERIAL E UTENS.P/REFEITORIO,COPA E COZINHA;0;0;0;0;13857827,590000032;12323440,140000006
44915238;EQUIPAMENTOS - FDE;0;0;0;0;37398178,28;13926560,07
33919324;INDENIZACOES E RESTITUICOES - SUS/FUNDES;0;0;0;0;10220,0;947531,0
31911113;VENCIMENTOS - SUS/FUNDES;0;0;0;607503404,6700002;750564607,4200001;834478128,2100002
33910801;OUTROS BENEFICIOS - SUS/FUNDES;0;0;0;29456,510000000002;639318,0;793298,9999999999
33913002;MATERIAL DE CONSUMO - SUS/FUNDES;0;0;0;40068784,57000003;46342062,24;73321103,49
33900114;INATIVOS 13º SALARIO-PODER EXECUTIVO;570544185,75;665436954,3800001;764258376,48;0,0;0;0
33903043;LIVROS P/BIBLIO.PUBLI,MAPAS,OUTRAS PUBLICACA;0;0;0;0;4423135,860000001;5377620,97
33903501;OUTROS SERV.CONSULTORIA,ASSESS.E AUDITORIA;241224766,25999796;240941619,4899996;259823399,04999933;267181861,6600001;74621887,01000002;68993429,67999999
33403347;TRANSPORTE ESCOLAR;0;0;0;220284630,84000003;466187161,53999954;523867229,32999957
33704110;TRANSF.A INST.MULTIGOVERN.NACIONAIS;82806959,82000001;96562015,80000001;96553940,0;109652707,80000004;113373175,99999999;115315434,84
33909216;ENERGIA ELETRICA;1566501,2899999998;516525,13;2660294,5300000007;2256220,5200000005;846430,36;3620815,4299999997
33903973;FORNEC.ALIMENTACAO PREPARADA-OUTROS;51058704,78999996;55145777,23999994;68904596,25000003;179356795,71000016;322280729,18000054;360904050,76000047
33903616;AJUDA DE CUSTO A COLABORADORES EVENTUAIS;4609737,500000005;5109766,169999997;8111340,5400000205;8439609,749999981;5007986,149999999;6925726,720000021
33903296;SERVICO PARA DISTRIBUICAO GRATUITA;0;27917,8;520390,25;378679,80000000005;209624,0;114695,18999999999
31900117;INATIVOS-EMPRESAS;1201758254,7000005;1131981893,1600006;1188283992,7700007;0,0;0,0;0,0
33903995;MANUTENCAO DE VIATURAS PELO REG.ADIANTAMENTO;10890058,129999995;10164744,490000008;8906427,830000002;8815680,130000003;7083754,5900000045;6374291,669999997
33903020;GAS AUTOMOTIVO;0;0;0;0;0;130,0
31901136;ABONO DE PERMANENCIA;238037759,92000014;351506260,68999976;405582152,7799998;415428492,7299983;494409867,4499995;606453495,5600016
33904601;AUXILIO - ALIMENTACAO;126425918,89000005;312010005,09000003;508885355,84000003;512158750,25000006;508870303,69;524459958,6700001
31901131;PESSOAL CIVIL PAGO PELA UNIDADE-1/3 FERIAS;160540721,3899999;169899968,2500001;179233476,46999967;208766695,90999982;230727308,0900002;249484758,60000056
44915131;OBRAS - SUS/FUNDES;0;0;0;8054847,0;0;709500,0
33913997;OUTROS SERVICOS DE TERCEIROS-PES.JURIDICA-FD;0;0;0;0;250681387,76;347439672,68999994
33903699;SERVICOS DIVERSOS DE CONSERVACAO E MANUTENCA;2503670,4300000006;3104867,9700000007;2809576,66;3896787,31;509838,10000000003;305503,82999999996
33903931;SERVICOS DE APOIO AO ENSINO;0;0;0;0;11268,0;0,0
33903025;GASOLINA AUTOMOTIVA-REEMBOLSO;828092,05;50000841,74000004;68640768,55999999;67905309,52999999;72568970,82999997;55066742,23999995
33909218;AGUA E ESGOTOS;6707968,8100000005;9894181,469999991;12596536,18;16122404,110000001;9786078,839999998;3196867,450000002
33903103;PREMIACAO A ALUNOS,PROFES E PROFIS EDUCACAO;0;0;0;0;12744,52;103365,0
31901212;LICENCA PREMIO - PESSOAL MILITAR;0;0;0;0;0;30847401,45
33903925;SERVICOS DE CORREIOS;91160570,07999998;101786046,16999985;113473374,14999993;112481040,62000002;107044748,02999999;121577882,32999992
33903929;SERVICOS DE PUBLICIDADE DE UTILIDADE PUBLICA;0;0;0;44100354,96;56853912,52;62944320,81000001
33904802;AUX.A PART.CURSO FORMACAO CONCURSO INGRESSO;54222117,25999993;88903535,24000001;68231776,14999999;0,0;134497,5;0,0
33903996;OP.FISC.TRIBUTARIAS DE CARATER RESERVADO;19319,68;22671,1;23091,21;22060,2;0;0
31919417;INDENIZACOES DE PESSOAL - SUS/FUNDES;0;0;0;537900,0;29601,0;0
33909311;INDENIZ.ADMINIST.REPARACAO DE DANOS;2382107,4500000007;669389,88;1137309,67;1719981,9600000002;1827434,7500000005;1735221,7600000005
33903916;GAS MEDICINAL (SERV.DE FORNEC. E LOCACAO);12995493,620000008;14936939,690000009;14496288,569999978;15436589,46;13043168,029999986;13978685,300000003
33903010;GENEROS ALIMENTICIOS;412164669,08;496186262,31000125;470838036,799996;586708289,6100014;658428523,6099961;662807600,1400039
31909435;REMB.FERIAS-OUTRO PODER E MIN.PUBLI-INATIVOS;0;0;0;36637380,34000001;31809754,099999994;33160775,250000004
44905111;GERENCIAMENTO DE OBRAS;195134684,0399998;207957779,41999993;127374031,83999996;185550945,33000007;160659211,74000007;195869500,82000002
33403001;TRANSF.PARA MATERIAL DE CONSUMO;166242435,75999883;313153797,43999404;239859668,46999535;299599908,30999964;290990834,3300002;267673148,72000098
31900311;PENSIONISTAS-PODER EXECUTIVO-RPPS;70658252,19;45183695,239999995;41343713,620000005;2895511203,9700003;2955722628,16;3238749551,0099998
33905015;OUTROS SERVICOS DE UTILIDADE PUBLICA;127196578,42999999;183310455,5000001;208051830,25;209598371,74;153230244,60000002;288729131,4700001
33903613;ESTAGIARIOS DIRETAMENTE CONTRATADOS;118233978,61999999;134880716,39000005;146757823,19999987;153357705,7799998;185566994,50000003;134133163,29999992
33903991;LOCACAO DE IMOVEIS;98548588,69999994;120185868,62999994;139942652,86000007;165917527,2800002;188339735,68;216880552,22000006
33903907;SERV.DE FORNEC.E DISTRIBUICAO DE LEITE;154773501,02999997;172453617,61000004;180389698,06999993;190509278,78000003;197001499,8400001;187644896,04000005
33903981;REFORMAS DE IMOVEIS;642266468,55;382350798,3399999;498650955,15000004;577432997,2399997;571059970,2600008;203153578,33999982
33903619;HONORARIOS ADVOCAT. ASSIST. JUDICIARIA COMPL;122803101,09;227452056,67;221044805,17;214471592,32;228306480,1;212789854,99
33903509;CONSULTORIA TECNO.DA IMFORM.PESSOA JURIDICA;0;0;0;0;198341,39;206437,51999999996
31900315;PENSIONISTAS 13 SALARIO-PODER EXECUTIVO-RPPS;0,0;0;1639343,0;235552971,18;242733841,08;260679175,07
33903799;OUTROS SERVICOS;28926393,90000002;34169129,82999998;48411233,74000004;70401104,00000009;93996155,28999983;98872732,38000016
33903985;SERVICO DE MANUTENCAO DE VIATURAS POLICIAIS;21376866,700000014;18983978,460000005;30174154,469999943;32766713,020000003;47538473,470000274;54769640,80000004
33903949;ESTAGIARIOS CONTRATADOS POR INSTITUIÇÕES;0;0;0;0;102229761,05999999;109452494,17999992
45906520;SUBSCRICAO DE ACOES-SERVICO DA DIVIDA;112369286,0;77690547,19;0;0;0;0
33903015;ARTIGOS DE HIGIENE PESSOAL;0;0;0;0;54721260,45999996;60905664,14000009
33903345;OUTRAS DESP.C/TRANSPORTES E LOCOMOCAO;239009707,94000003;171241071,14999992;364981119,8100008;386870876,5199995;85162147,8100001;124386026,39999968
31900510;BENEFICIOS DA PREVIDENCIA SOCIAL;1460836,7400000002;271747,83999999997;5513,34;0;0;0
33900112;INATIVOS DA POLICIA MILITAR;2096272114,7100003;2595242968,07;3579548106,5499997;0;0;0
33909215;VIGILANCIA;405740,17;1197577,71;1242850,9300000002;350908,37;1213983,65;6022479,139999999
31905921;PENSAO JUDICIAL DE CARATER INDENIZATORIO;0;0;0;37841094,6;37517348,33;42578373,650000006
31900899;OUTROS-SALARIO FAMILIA;0;0;0;2034,72;1252,86;0
33903936;DEDETIZACAO,DESINSETIZACAO E DESRATIZACAO;2356865,4699999993;3446300,7800000026;5395970,170000002;5338517,810000006;6042880,839999996;5922450,539999995
33913987;SERVICOS DE TERCEIROS - COMPENSACAO AMBIENTA;0;0;0;0;0;6820503,0
33903955;INSCRICOES EM EVENTOS DIVERSOS;0;0;0;0;157340,87000000002;171812,16
33903998;OPER.FISCAIS TRIBUTARIAS DE CARATER RESERVAD;0;0;0;0;23936,3;9459,7
33919301;INDENIZACOES E RESTITUICOES DIVERSAS;0;2570881,1699999995;500734,18999999994;28690,18;1330,76;20662,0
33904113;CONVENIO COM AUTARQUIAS E FUNDACOES;162454100,37;142370709,71;46515388,800000004;43730865,63000001;46707311,160000004;42378343,15
44903911;SERVICOS PRESTADOS PELA PRODESP;0;0;0;10191329,09;129070,54;0
31900326;COMPLEMENTACAO DE PENSAO - 13º SALARIO;150525,13999999996;183669,33;165437,28;308190,63999999996;353814,83;389265,37
34903981;CLASSIF.DO EXERCICIO ANTERIOR;0,0;0,0;0;0;0;0
33903623;JETON;0;0;0;0;1404392,1700000002;1924894,4699999942
33903978;MANUTENCAO DE VIATURAS ESCOLTA DE CUSTODIADO;0;0;0;0;49035,15;139441,56
44905220;EQUIPAMENTOS PARA INFORMATICA;179619098,55000016;212111114,62;353371415,8600004;369445688,8100004;242441238,3399999;193182098,84999993
33903014;MATERIAL DE LIMPEZA;0;0;0;0;10142350,099999977;9212483,35
33903943;ASSIN.DE JORNAIS,PERIODICOS E CLIPAGEM;34333525,95000003;103748757,95999977;34051746,320000045;45060289,84999995;42755107,03000001;25858986,27000003
33504379;CONVENIOS COM ORGANIZACOES SOCIAIS;593843471,9499998;499392466,55;310298079,13000005;236701043,93000007;265956551,82;239908203,09000003
33504105;CONTRIB.APM LIQUID. DEB.TRAB. LEI 14.689;0;0;328072,08;821572,65;850205,2800000001;929286,75
31900114;INATIVOS 13 SALARIO-RPPS;910119,7999999999;1197231,12;1046288,6599999999;876601558,06;874738623,8;963449348,11
33905011;ENERGIA ELETRICA;365044101,02000034;404915192,80999994;406079789,57999974;350091779,2399993;381979824,98999965;617842786,709999
33903917;LOCACAO DE MAQUINAS PARA ESCRITORIO;151874,14999999997;88899,8;126079,1;391562,6699999999;0,0;0
33903030;MEDICAMENTOS E INSUMOS FARMACEUTICOS;1657827476,1099997;1593550214,9999962;1472038759,909983;1450734115,3100042;1685430691,79;1481681007,8100064
33903101;PREMIO EM PECUNIA;634939,73;26282400,0;27028700,0;30819500,0;45112400,0;40136500,0
33902701;ENCARGOS P.HONRA DE AVAIS,GARANTIAS E SEGURO;0;0;0;0;0;117710,49
33903611;OUTRAS REMUNERACOES DE SERVICOS PESSOAIS;275822989,62000173;196851633,79000008;215178609,39999983;260114955,36999944;270606380,9899996;309961339,02999973
33900316;PENSIONISTAS 13º SALARIO - OUTROS PODERES;37301039,92999999;38527715,0;46384649,67;0,0;0;0
33900116;INATIVOS 13º SALARIO-PESSOAL MILITAR;178419154,04;226781034,77;263893016,45000002;0;0;0
33903032;MATERIAL DE USO LABORATORIAL;0;0;0;0;132384619,94999976;154386248,5600001
33905014;GAS ENCANADO;10466143,140000002;10436585,610000001;11580582,0;13283895,440000003;12401439,750000002;12923058,729999997
33901503;DIARIA ESP JORN EXT TRAB POL. MILITAR-DEJEM;0;0;0;0;65789704,88999999;165366283,57
33909211;VALE-REFEICAO;35190,71;3007,53;12120035,389999999;9851,960000000001;1845127,81;4024054,6600000006
33903940;FRETES E TRANSPORTES;18285938,769999996;32890192,980000004;27765784,35000001;33645241,27000005;46764064,25999998;53185102,06000014
33903034;MATERIAL DE USO VETERINARIO;0;0;0;0;3140602,719999999;2770608,519999998
44905231;MAQUINAS E MOTORES;3001970,2399999984;9389227,480000004;5596409,480000001;7118610,470000005;5142460,73;6416061,640000001
44204211;TRANSFERENCIAS;0;0;0;0;373377851,02;248320495,0
44905233;MATERIAL EDUCATIVO,CULTURAL E RECREATIVO;19155010,530000012;33213474,360000003;15974726,090000002;57401987,15000005;32367383,12999999;26824748,13999999
33903673;FORNEC.ALIMENTACAO PREPARADA-OUTROS;129500,0;0,0;39494,45000000001;0;294465,0;10102,0
31909434;REEMB.FERIAS-OUTRO PODER E MIN.PUBL.-ATIVOS;0;0;0;811281102,2299999;672541727,2799999;810218463,7
31901321;FGTS-13 SALARIO;11756575,660000004;13287576,290000005;13063201,349999994;13529183,059999993;15073783,050000003;13710548,2
31909415;INDENIZACAO POR ACIDENTE DE TRABALHO;400,0;0;148534,08000000002;8390,119999999999;185,9;0,0
33913349;TRANSPORTE ESCOLAR - FDE;0;0;0;0;263015871,06;129488214,28
33204101;TRANSFERENCIAS A UNIAO;20828157,560000006;20561097,6;143406297,66999993;36829334,21000001;0,0;0,0
33903972;FORNEC.ALIMENTACAO PREPARADA-CUSTODIADOS;200099485,3499999;211112534,78000006;234563477,67999968;266675303,7500001;325307177,9000002;373179020,1499999
31900111;INATIVOS-RPPS;77908408,77000001;16342344,71;18677805,610000003;10342617945,02;11364326639,28;12542835333,4
31900820;OUTRAS TRANSFERENCIAS-PESSOAL;2819258,4200000004;3541194,9999999995;3256764,0;3392965,42;3680233,0;3758626,0
33903028;DIESEL AUTOMOTIVO-REEMBOLSO;269666,29;3636820,82;6082465,540000001;7633399,030000004;9585132,450000003;13157988,199999994
33903974;SERVICOS  SAUDE - GESTAO MUNICIPIOS-PRIVADOS;167339453,39999998;162669184,69999984;162083614,3799995;162000000,00000006;169812040,63;174110468,7999998
33900111;INATIVOS-PODER EXECUTIVO;7081326814,020001;7958392432,570001;9316801314,67;0;0;0
31909416;OUTRAS INDENIZACOES DE PESSOAL;19394783,31999997;52562075,10000012;670170275,0600005;74808812,19999994;203677002,9599991;159057497,71000004